Protein identifier	Contig id	Start	Stop	Strand	Gene symbol	Sequence name	Scope	Element type	Element subtype	Class	Subclass	Method	Target length	Reference sequence length	% Coverage of reference sequence	% Identity to reference sequence	Alignment length	Accession of closest sequence	Name of closest sequence	HMM id	HMM description
NA	NC_007795.1	103075	104424	+	tet(38)	tetracycline efflux MFS transporter Tet(38)	core	AMR	AMR	TETRACYCLINE	TETRACYCLINE	EXACTX	450	450	100.00	100.00	450	WP_001100300.1	tetracycline efflux MFS transporter Tet(38)	NA	NA
NA	NC_007795.1	2399531	2399947	+	fosB	FosB/FosD family fosfomycin resistance bacillithiol transferase	core	AMR	AMR	FOSFOMYCIN	FOSFOMYCIN	EXACTX	139	139	100.00	100.00	139	WP_000920239.1	FosB/FosD family fosfomycin resistance bacillithiol transferase	NA	NA
NA	NC_007795.1	5037	6965	+	gyrB_D316E	DNA topoisomerase (ATP-hydrolyzing) subunit B GyrB [UNKNOWN]	core	AMR	POINT	NA	NA	POINTX	643	643	100.00	99.84	643	WP_010956585.1	DNA topoisomerase (ATP-hydrolyzing) subunit B GyrB	NA	NA
NA	NC_007795.1	5037	6965	+	gyrB_D436D	DNA topoisomerase (ATP-hydrolyzing) subunit B GyrB [WILDTYPE]	core	AMR	POINT	QUINOLONE	QUINOLONE	POINTX	643	643	100.00	99.84	643	WP_010956585.1	DNA topoisomerase (ATP-hydrolyzing) subunit B GyrB	NA	NA
NA	NC_007795.1	5037	6965	+	gyrB_E476E	DNA topoisomerase (ATP-hydrolyzing) subunit B GyrB [WILDTYPE]	core	AMR	POINT	QUINOLONE	QUINOLONE	POINTX	643	643	100.00	99.84	643	WP_010956585.1	DNA topoisomerase (ATP-hydrolyzing) subunit B GyrB	NA	NA
NA	NC_007795.1	5037	6965	+	gyrB_G84G	DNA topoisomerase (ATP-hydrolyzing) subunit B GyrB [WILDTYPE]	core	AMR	POINT	AMINOCOUMARIN	AMINOCOUMARIN	POINTX	643	643	100.00	99.84	643	WP_010956585.1	DNA topoisomerase (ATP-hydrolyzing) subunit B GyrB	NA	NA
NA	NC_007795.1	5037	6965	+	gyrB_I101I	DNA topoisomerase (ATP-hydrolyzing) subunit B GyrB [WILDTYPE]	core	AMR	POINT	AMINOCOUMARIN	AMINOCOUMARIN	POINTX	643	643	100.00	99.84	643	WP_010956585.1	DNA topoisomerase (ATP-hydrolyzing) subunit B GyrB	NA	NA
NA	NC_007795.1	5037	6965	+	gyrB_I55I	DNA topoisomerase (ATP-hydrolyzing) subunit B GyrB [WILDTYPE]	core	AMR	POINT	AMINOCOUMARIN	AMINOCOUMARIN	POINTX	643	643	100.00	99.84	643	WP_010956585.1	DNA topoisomerase (ATP-hydrolyzing) subunit B GyrB	NA	NA
NA	NC_007795.1	5037	6965	+	gyrB_M1V	DNA topoisomerase (ATP-hydrolyzing) subunit B GyrB [UNKNOWN]	core	AMR	POINT	NA	NA	POINTX	643	643	100.00	99.84	643	WP_010956585.1	DNA topoisomerase (ATP-hydrolyzing) subunit B GyrB	NA	NA
NA	NC_007795.1	5037	6965	+	gyrB_R143R	DNA topoisomerase (ATP-hydrolyzing) subunit B GyrB [WILDTYPE]	core	AMR	POINT	AMINOCOUMARIN	AMINOCOUMARIN	POINTX	643	643	100.00	99.84	643	WP_010956585.1	DNA topoisomerase (ATP-hydrolyzing) subunit B GyrB	NA	NA
NA	NC_007795.1	5037	6965	+	gyrB_S127S	DNA topoisomerase (ATP-hydrolyzing) subunit B GyrB [WILDTYPE]	core	AMR	POINT	AMINOCOUMARIN	AMINOCOUMARIN	POINTX	643	643	100.00	99.84	643	WP_010956585.1	DNA topoisomerase (ATP-hydrolyzing) subunit B GyrB	NA	NA
NA	NC_007795.1	5037	6965	+	gyrB_T172T	DNA topoisomerase (ATP-hydrolyzing) subunit B GyrB [WILDTYPE]	core	AMR	POINT	AMINOCOUMARIN	AMINOCOUMARIN	POINTX	643	643	100.00	99.84	643	WP_010956585.1	DNA topoisomerase (ATP-hydrolyzing) subunit B GyrB	NA	NA
NA	NC_007795.1	7005	9665	+	gyrA_D73D	DNA gyrase subunit A GyrA [WILDTYPE]	core	AMR	POINT	QUINOLONE	QUINOLONE	POINTX	887	887	100.00	100.00	887	WP_000819084.1	DNA gyrase subunit A GyrA	NA	NA
NA	NC_007795.1	7005	9665	+	gyrA_E88E	DNA gyrase subunit A GyrA [WILDTYPE]	core	AMR	POINT	QUINOLONE	QUINOLONE	POINTX	887	887	100.00	100.00	887	WP_000819084.1	DNA gyrase subunit A GyrA	NA	NA
NA	NC_007795.1	7005	9665	+	gyrA_G106G	DNA gyrase subunit A GyrA [WILDTYPE]	core	AMR	POINT	QUINOLONE	QUINOLONE	POINTX	887	887	100.00	100.00	887	WP_000819084.1	DNA gyrase subunit A GyrA	NA	NA
NA	NC_007795.1	7005	9665	+	gyrA_G82G	DNA gyrase subunit A GyrA [WILDTYPE]	core	AMR	POINT	QUINOLONE	QUINOLONE	POINTX	887	887	100.00	100.00	887	WP_000819084.1	DNA gyrase subunit A GyrA	NA	NA
NA	NC_007795.1	7005	9665	+	gyrA_S84S	DNA gyrase subunit A GyrA [WILDTYPE]	core	AMR	POINT	QUINOLONE	QUINOLONE	POINTX	887	887	100.00	100.00	887	WP_000819084.1	DNA gyrase subunit A GyrA	NA	NA
NA	NC_007795.1	7005	9665	+	gyrA_S85S	DNA gyrase subunit A GyrA [WILDTYPE]	core	AMR	POINT	QUINOLONE	QUINOLONE	POINTX	887	887	100.00	100.00	887	WP_000819084.1	DNA gyrase subunit A GyrA	NA	NA
NA	NC_007795.1	25645	27468	+	walK_L10L	cell wall metabolism sensor histidine kinase WalK [WILDTYPE]	core	AMR	POINT	LIPOPEPTIDE	DAPTOMYCIN	POINTX	608	608	100.00	99.84	608	WP_000871610.1	cell wall metabolism sensor histidine kinase WalK	NA	NA
NA	NC_007795.1	25645	27468	+	walK_R263R	cell wall metabolism sensor histidine kinase WalK [WILDTYPE]	core	AMR	POINT	LIPOPEPTIDE	DAPTOMYCIN	POINTX	608	608	100.00	99.84	608	WP_000871610.1	cell wall metabolism sensor histidine kinase WalK	NA	NA
NA	NC_007795.1	25645	27468	+	walK_S221S	cell wall metabolism sensor histidine kinase WalK [WILDTYPE]	core	AMR	POINT	LIPOPEPTIDE	DAPTOMYCIN	POINTX	608	608	100.00	99.84	608	WP_000871610.1	cell wall metabolism sensor histidine kinase WalK	NA	NA
NA	NC_007795.1	25645	27468	+	walK_T468A	cell wall metabolism sensor histidine kinase WalK [UNKNOWN]	core	AMR	POINT	NA	NA	POINTX	608	608	100.00	99.84	608	WP_000871610.1	cell wall metabolism sensor histidine kinase WalK	NA	NA
NA	NC_007795.1	200310	201686	+	uhpT_G112G	hexose phosphate transporter UhpT [WILDTYPE]	core	AMR	POINT	FOSFOMYCIN	FOSFOMYCIN	POINTX	459	459	100.00	100.00	459	WP_001008722.1	hexose phosphate transporter UhpT	NA	NA
NA	NC_007795.1	200310	201686	+	uhpT_G358G	hexose phosphate transporter UhpT [WILDTYPE]	core	AMR	POINT	FOSFOMYCIN	FOSFOMYCIN	POINTX	459	459	100.00	100.00	459	WP_001008722.1	hexose phosphate transporter UhpT	NA	NA
NA	NC_007795.1	200310	201686	+	uhpT_W228W	hexose phosphate transporter UhpT [WILDTYPE]	core	AMR	POINT	FOSFOMYCIN	FOSFOMYCIN	POINTX	459	459	100.00	100.00	459	WP_001008722.1	hexose phosphate transporter UhpT	NA	NA
NA	NC_007795.1	200310	201686	+	uhpT_W425W	hexose phosphate transporter UhpT [WILDTYPE]	core	AMR	POINT	FOSFOMYCIN	FOSFOMYCIN	POINTX	459	459	100.00	100.00	459	WP_001008722.1	hexose phosphate transporter UhpT	NA	NA
NA	NC_007795.1	200310	201686	+	uhpT_Y314Y	hexose phosphate transporter UhpT [WILDTYPE]	core	AMR	POINT	FOSFOMYCIN	FOSFOMYCIN	POINTX	459	459	100.00	100.00	459	WP_001008722.1	hexose phosphate transporter UhpT	NA	NA
NA	NC_007795.1	331349	332704	-	glpT_A100A	glycerol-3-phosphate transporter GlpT [WILDTYPE]	core	AMR	POINT	FOSFOMYCIN	FOSFOMYCIN	POINTX	452	452	100.00	100.00	452	WP_001010111.1	glycerol-3-phosphate transporter GlpT	NA	NA
NA	NC_007795.1	331349	332704	-	glpT_A434A	glycerol-3-phosphate transporter GlpT [WILDTYPE]	core	AMR	POINT	FOSFOMYCIN	FOSFOMYCIN	POINTX	452	452	100.00	100.00	452	WP_001010111.1	glycerol-3-phosphate transporter GlpT	NA	NA
NA	NC_007795.1	331349	332704	-	glpT_F3F	glycerol-3-phosphate transporter GlpT [WILDTYPE]	core	AMR	POINT	FOSFOMYCIN	FOSFOMYCIN	POINTX	452	452	100.00	100.00	452	WP_001010111.1	glycerol-3-phosphate transporter GlpT	NA	NA
NA	NC_007795.1	331349	332704	-	glpT_G352G	glycerol-3-phosphate transporter GlpT [WILDTYPE]	core	AMR	POINT	FOSFOMYCIN	FOSFOMYCIN	POINTX	452	452	100.00	100.00	452	WP_001010111.1	glycerol-3-phosphate transporter GlpT	NA	NA
NA	NC_007795.1	331349	332704	-	glpT_L27L	glycerol-3-phosphate transporter GlpT [WILDTYPE]	core	AMR	POINT	FOSFOMYCIN	FOSFOMYCIN	POINTX	452	452	100.00	100.00	452	WP_001010111.1	glycerol-3-phosphate transporter GlpT	NA	NA
NA	NC_007795.1	331349	332704	-	glpT_V213V	glycerol-3-phosphate transporter GlpT [WILDTYPE]	core	AMR	POINT	FOSFOMYCIN	FOSFOMYCIN	POINTX	452	452	100.00	100.00	452	WP_001010111.1	glycerol-3-phosphate transporter GlpT	NA	NA
NA	NC_007795.1	331349	332704	-	glpT_W137W	glycerol-3-phosphate transporter GlpT [WILDTYPE]	core	AMR	POINT	FOSFOMYCIN	FOSFOMYCIN	POINTX	452	452	100.00	100.00	452	WP_001010111.1	glycerol-3-phosphate transporter GlpT	NA	NA
NA	NC_007795.1	331349	332704	-	glpT_W355W	glycerol-3-phosphate transporter GlpT [WILDTYPE]	core	AMR	POINT	FOSFOMYCIN	FOSFOMYCIN	POINTX	452	452	100.00	100.00	452	WP_001010111.1	glycerol-3-phosphate transporter GlpT	NA	NA
NA	NC_007795.1	450738	453663	+	23S_A2531A	Staphylococcus aureus 23S ribosomal RNA [WILDTYPE]	core	AMR	POINT	OXAZOLIDINONE	LINEZOLID	POINTN	2926	2926	100.00	99.90	2926	NZ_CP009828.1:497114-500039	23S ribosomal RNA	NA	NA
NA	NC_007795.1	450738	453663	+	23S_C2220C	Staphylococcus aureus 23S ribosomal RNA [WILDTYPE]	core	AMR	POINT	OXAZOLIDINONE	LINEZOLID	POINTN	2926	2926	100.00	99.90	2926	NZ_CP009828.1:497114-500039	23S ribosomal RNA	NA	NA
NA	NC_007795.1	450738	453663	+	23S_C2579C	Staphylococcus aureus 23S ribosomal RNA [WILDTYPE]	core	AMR	POINT	OXAZOLIDINONE	LINEZOLID	POINTN	2926	2926	100.00	99.90	2926	NZ_CP009828.1:497114-500039	23S ribosomal RNA	NA	NA
NA	NC_007795.1	450738	453663	+	23S_G2262A	Staphylococcus aureus 23S ribosomal RNA [UNKNOWN]	core	AMR	POINT	NA	NA	POINTN	2926	2926	100.00	99.90	2926	NZ_CP009828.1:497114-500039	23S ribosomal RNA	NA	NA
NA	NC_007795.1	450738	453663	+	23S_G2475G	Staphylococcus aureus 23S ribosomal RNA [WILDTYPE]	core	AMR	POINT	OXAZOLIDINONE	LINEZOLID	POINTN	2926	2926	100.00	99.90	2926	NZ_CP009828.1:497114-500039	23S ribosomal RNA	NA	NA
NA	NC_007795.1	450738	453663	+	23S_G2533G	Staphylococcus aureus 23S ribosomal RNA [WILDTYPE]	core	AMR	POINT	OXAZOLIDINONE	LINEZOLID	POINTN	2926	2926	100.00	99.90	2926	NZ_CP009828.1:497114-500039	23S ribosomal RNA	NA	NA
NA	NC_007795.1	450738	453663	+	23S_G2577G	Staphylococcus aureus 23S ribosomal RNA [WILDTYPE]	core	AMR	POINT	OXAZOLIDINONE	LINEZOLID	POINTN	2926	2926	100.00	99.90	2926	NZ_CP009828.1:497114-500039	23S ribosomal RNA	NA	NA
NA	NC_007795.1	450738	453663	+	23S_G2604G	Staphylococcus aureus 23S ribosomal RNA [WILDTYPE]	core	AMR	POINT	OXAZOLIDINONE	LINEZOLID	POINTN	2926	2926	100.00	99.90	2926	NZ_CP009828.1:497114-500039	23S ribosomal RNA	NA	NA
NA	NC_007795.1	450738	453663	+	23S_G2794G	Staphylococcus aureus 23S ribosomal RNA [WILDTYPE]	core	AMR	POINT	OXAZOLIDINONE	LINEZOLID	POINTN	2926	2926	100.00	99.90	2926	NZ_CP009828.1:497114-500039	23S ribosomal RNA	NA	NA
NA	NC_007795.1	450738	453663	+	23S_G49A	Staphylococcus aureus 23S ribosomal RNA [UNKNOWN]	core	AMR	POINT	NA	NA	POINTN	2926	2926	100.00	99.90	2926	NZ_CP009828.1:497114-500039	23S ribosomal RNA	NA	NA
NA	NC_007795.1	450738	453663	+	23S_T1585A	Staphylococcus aureus 23S ribosomal RNA [UNKNOWN]	core	AMR	POINT	NA	NA	POINTN	2926	2926	100.00	99.90	2926	NZ_CP009828.1:497114-500039	23S ribosomal RNA	NA	NA
NA	NC_007795.1	450738	453663	+	23S_T2501T	Staphylococcus aureus 23S ribosomal RNA [WILDTYPE]	core	AMR	POINT	OXAZOLIDINONE	LINEZOLID	POINTN	2926	2926	100.00	99.90	2926	NZ_CP009828.1:497114-500039	23S ribosomal RNA	NA	NA
NA	NC_007795.1	450738	453663	+	23S_T2528T	Staphylococcus aureus 23S ribosomal RNA [WILDTYPE]	core	AMR	POINT	OXAZOLIDINONE	LINEZOLID	POINTN	2926	2926	100.00	99.90	2926	NZ_CP009828.1:497114-500039	23S ribosomal RNA	NA	NA
NA	NC_007795.1	450738	453663	+	23S_T2532T	Staphylococcus aureus 23S ribosomal RNA [WILDTYPE]	core	AMR	POINT	OXAZOLIDINONE	LINEZOLID	POINTN	2926	2926	100.00	99.90	2926	NZ_CP009828.1:497114-500039	23S ribosomal RNA	NA	NA
NA	NC_007795.1	487922	488722	+	folP_A184A	dihydropteroate synthase FolP [WILDTYPE]	core	AMR	POINT	SULFONAMIDE	SULFONAMIDE	POINTX	267	267	100.00	95.88	267	WP_000167936.1	dihydropteroate synthase FolP	NA	NA
NA	NC_007795.1	487922	488722	+	folP_E208E	dihydropteroate synthase FolP [WILDTYPE]	core	AMR	POINT	SULFONAMIDE	SULFONAMIDE	POINTX	267	267	100.00	95.88	267	WP_000167936.1	dihydropteroate synthase FolP	NA	NA
NA	NC_007795.1	487922	488722	+	folP_E258E	dihydropteroate synthase FolP [WILDTYPE]	core	AMR	POINT	SULFONAMIDE	SULFONAMIDE	POINTX	267	267	100.00	95.88	267	WP_000167936.1	dihydropteroate synthase FolP	NA	NA
NA	NC_007795.1	487922	488722	+	folP_F17F	dihydropteroate synthase FolP [WILDTYPE]	core	AMR	POINT	SULFONAMIDE	SULFONAMIDE	POINTX	267	267	100.00	95.88	267	WP_000167936.1	dihydropteroate synthase FolP	NA	NA
NA	NC_007795.1	487922	488722	+	folP_F266L	dihydropteroate synthase FolP [UNKNOWN]	core	AMR	POINT	NA	NA	POINTX	267	267	100.00	95.88	267	WP_000167936.1	dihydropteroate synthase FolP	NA	NA
NA	NC_007795.1	487922	488722	+	folP_I101M	dihydropteroate synthase FolP [UNKNOWN]	core	AMR	POINT	NA	NA	POINTX	267	267	100.00	95.88	267	WP_000167936.1	dihydropteroate synthase FolP	NA	NA
NA	NC_007795.1	487922	488722	+	folP_ITV58VSL	dihydropteroate synthase FolP [UNKNOWN]	core	AMR	POINT	NA	NA	POINTX	267	267	100.00	95.88	267	WP_000167936.1	dihydropteroate synthase FolP	NA	NA
NA	NC_007795.1	487922	488722	+	folP_L64M	dihydropteroate synthase FolP [UNKNOWN]	core	AMR	POINT	NA	NA	POINTX	267	267	100.00	95.88	267	WP_000167936.1	dihydropteroate synthase FolP	NA	NA
NA	NC_007795.1	487922	488722	+	folP_M37I	dihydropteroate synthase FolP [UNKNOWN]	core	AMR	POINT	NA	NA	POINTX	267	267	100.00	95.88	267	WP_000167936.1	dihydropteroate synthase FolP	NA	NA
NA	NC_007795.1	487922	488722	+	folP_S18S	dihydropteroate synthase FolP [WILDTYPE]	core	AMR	POINT	SULFONAMIDE	SULFONAMIDE	POINTX	267	267	100.00	95.88	267	WP_000167936.1	dihydropteroate synthase FolP	NA	NA
NA	NC_007795.1	487922	488722	+	folP_T51T	dihydropteroate synthase FolP [WILDTYPE]	core	AMR	POINT	SULFONAMIDE	SULFONAMIDE	POINTX	267	267	100.00	95.88	267	WP_000167936.1	dihydropteroate synthase FolP	NA	NA
NA	NC_007795.1	487922	488722	+	folP_V117I	dihydropteroate synthase FolP [UNKNOWN]	core	AMR	POINT	NA	NA	POINTX	267	267	100.00	95.88	267	WP_000167936.1	dihydropteroate synthase FolP	NA	NA
NA	NC_007795.1	487922	488722	+	folP_V126I	dihydropteroate synthase FolP [UNKNOWN]	core	AMR	POINT	NA	NA	POINTX	267	267	100.00	95.88	267	WP_000167936.1	dihydropteroate synthase FolP	NA	NA
NA	NC_007795.1	487922	488722	+	folP_VT30IN	dihydropteroate synthase FolP [UNKNOWN]	core	AMR	POINT	NA	NA	POINTX	267	267	100.00	95.88	267	WP_000167936.1	dihydropteroate synthase FolP	NA	NA
NA	NC_007795.1	495017	497942	+	23S_A1307C	Staphylococcus aureus 23S ribosomal RNA [UNKNOWN]	core	AMR	POINT	NA	NA	POINTN	2926	2926	100.00	99.90	2926	NZ_CP009828.1:497114-500039	23S ribosomal RNA	NA	NA
NA	NC_007795.1	495017	497942	+	23S_A2531A	Staphylococcus aureus 23S ribosomal RNA [WILDTYPE]	core	AMR	POINT	OXAZOLIDINONE	LINEZOLID	POINTN	2926	2926	100.00	99.90	2926	NZ_CP009828.1:497114-500039	23S ribosomal RNA	NA	NA
NA	NC_007795.1	495017	497942	+	23S_C2220C	Staphylococcus aureus 23S ribosomal RNA [WILDTYPE]	core	AMR	POINT	OXAZOLIDINONE	LINEZOLID	POINTN	2926	2926	100.00	99.90	2926	NZ_CP009828.1:497114-500039	23S ribosomal RNA	NA	NA
NA	NC_007795.1	495017	497942	+	23S_C2579C	Staphylococcus aureus 23S ribosomal RNA [WILDTYPE]	core	AMR	POINT	OXAZOLIDINONE	LINEZOLID	POINTN	2926	2926	100.00	99.90	2926	NZ_CP009828.1:497114-500039	23S ribosomal RNA	NA	NA
NA	NC_007795.1	495017	497942	+	23S_C262T	Staphylococcus aureus 23S ribosomal RNA [UNKNOWN]	core	AMR	POINT	NA	NA	POINTN	2926	2926	100.00	99.90	2926	NZ_CP009828.1:497114-500039	23S ribosomal RNA	NA	NA
NA	NC_007795.1	495017	497942	+	23S_G2475G	Staphylococcus aureus 23S ribosomal RNA [WILDTYPE]	core	AMR	POINT	OXAZOLIDINONE	LINEZOLID	POINTN	2926	2926	100.00	99.90	2926	NZ_CP009828.1:497114-500039	23S ribosomal RNA	NA	NA
NA	NC_007795.1	495017	497942	+	23S_G2533G	Staphylococcus aureus 23S ribosomal RNA [WILDTYPE]	core	AMR	POINT	OXAZOLIDINONE	LINEZOLID	POINTN	2926	2926	100.00	99.90	2926	NZ_CP009828.1:497114-500039	23S ribosomal RNA	NA	NA
NA	NC_007795.1	495017	497942	+	23S_G2577G	Staphylococcus aureus 23S ribosomal RNA [WILDTYPE]	core	AMR	POINT	OXAZOLIDINONE	LINEZOLID	POINTN	2926	2926	100.00	99.90	2926	NZ_CP009828.1:497114-500039	23S ribosomal RNA	NA	NA
NA	NC_007795.1	495017	497942	+	23S_G2604G	Staphylococcus aureus 23S ribosomal RNA [WILDTYPE]	core	AMR	POINT	OXAZOLIDINONE	LINEZOLID	POINTN	2926	2926	100.00	99.90	2926	NZ_CP009828.1:497114-500039	23S ribosomal RNA	NA	NA
NA	NC_007795.1	495017	497942	+	23S_G2794G	Staphylococcus aureus 23S ribosomal RNA [WILDTYPE]	core	AMR	POINT	OXAZOLIDINONE	LINEZOLID	POINTN	2926	2926	100.00	99.90	2926	NZ_CP009828.1:497114-500039	23S ribosomal RNA	NA	NA
NA	NC_007795.1	495017	497942	+	23S_T1585A	Staphylococcus aureus 23S ribosomal RNA [UNKNOWN]	core	AMR	POINT	NA	NA	POINTN	2926	2926	100.00	99.90	2926	NZ_CP009828.1:497114-500039	23S ribosomal RNA	NA	NA
NA	NC_007795.1	495017	497942	+	23S_T2501T	Staphylococcus aureus 23S ribosomal RNA [WILDTYPE]	core	AMR	POINT	OXAZOLIDINONE	LINEZOLID	POINTN	2926	2926	100.00	99.90	2926	NZ_CP009828.1:497114-500039	23S ribosomal RNA	NA	NA
NA	NC_007795.1	495017	497942	+	23S_T2528T	Staphylococcus aureus 23S ribosomal RNA [WILDTYPE]	core	AMR	POINT	OXAZOLIDINONE	LINEZOLID	POINTN	2926	2926	100.00	99.90	2926	NZ_CP009828.1:497114-500039	23S ribosomal RNA	NA	NA
NA	NC_007795.1	495017	497942	+	23S_T2532T	Staphylococcus aureus 23S ribosomal RNA [WILDTYPE]	core	AMR	POINT	OXAZOLIDINONE	LINEZOLID	POINTN	2926	2926	100.00	99.90	2926	NZ_CP009828.1:497114-500039	23S ribosomal RNA	NA	NA
NA	NC_007795.1	522160	525708	+	rpoB_A1085A	DNA-directed RNA polymerase subunit beta RpoB [WILDTYPE]	core	AMR	POINT	LIPOPEPTIDE	DAPTOMYCIN	POINTX	1183	1183	100.00	99.92	1183	WP_000918664.1	DNA-directed RNA polymerase subunit beta RpoB	NA	NA
NA	NC_007795.1	522160	525708	+	rpoB_A473A	DNA-directed RNA polymerase subunit beta RpoB [WILDTYPE]	core	AMR	POINT	RIFAMYCIN	RIFAMPIN	POINTX	1183	1183	100.00	99.92	1183	WP_000918664.1	DNA-directed RNA polymerase subunit beta RpoB	NA	NA
NA	NC_007795.1	522160	525708	+	rpoB_A477A	DNA-directed RNA polymerase subunit beta RpoB [WILDTYPE]	core	AMR	POINT	RIFAMYCIN	RIFAMPIN	POINTX	1183	1183	100.00	99.92	1183	WP_000918664.1	DNA-directed RNA polymerase subunit beta RpoB	NA	NA
NA	NC_007795.1	522160	525708	+	rpoB_A621A	DNA-directed RNA polymerase subunit beta RpoB [WILDTYPE]	core	AMR	POINT	LIPOPEPTIDE	DAPTOMYCIN	POINTX	1183	1183	100.00	99.92	1183	WP_000918664.1	DNA-directed RNA polymerase subunit beta RpoB	NA	NA
NA	NC_007795.1	522160	525708	+	rpoB_D471D	DNA-directed RNA polymerase subunit beta RpoB [WILDTYPE]	core	AMR	POINT	RIFAMYCIN	RIFAMPIN	POINTX	1183	1183	100.00	99.92	1183	WP_000918664.1	DNA-directed RNA polymerase subunit beta RpoB	NA	NA
NA	NC_007795.1	522160	525708	+	rpoB_D550D	DNA-directed RNA polymerase subunit beta RpoB [WILDTYPE]	core	AMR	POINT	RIFAMYCIN	RIFAMPIN	POINTX	1183	1183	100.00	99.92	1183	WP_000918664.1	DNA-directed RNA polymerase subunit beta RpoB	NA	NA
NA	NC_007795.1	522160	525708	+	rpoB_F737Y	DNA-directed RNA polymerase subunit beta RpoB [UNKNOWN]	core	AMR	POINT	NA	NA	POINTX	1183	1183	100.00	99.92	1183	WP_000918664.1	DNA-directed RNA polymerase subunit beta RpoB	NA	NA
NA	NC_007795.1	522160	525708	+	rpoB_H481H	DNA-directed RNA polymerase subunit beta RpoB [WILDTYPE]	core	AMR	POINT	RIFAMYCIN	RIFAMPIN	POINTX	1183	1183	100.00	99.92	1183	WP_000918664.1	DNA-directed RNA polymerase subunit beta RpoB	NA	NA
NA	NC_007795.1	522160	525708	+	rpoB_I527I	DNA-directed RNA polymerase subunit beta RpoB [WILDTYPE]	core	AMR	POINT	RIFAMYCIN	RIFAMPIN	POINTX	1183	1183	100.00	99.92	1183	WP_000918664.1	DNA-directed RNA polymerase subunit beta RpoB	NA	NA
NA	NC_007795.1	522160	525708	+	rpoB_I953I	DNA-directed RNA polymerase subunit beta RpoB [WILDTYPE]	core	AMR	POINT	LIPOPEPTIDE	DAPTOMYCIN	POINTX	1183	1183	100.00	99.92	1183	WP_000918664.1	DNA-directed RNA polymerase subunit beta RpoB	NA	NA
NA	NC_007795.1	522160	525708	+	rpoB_L466L	DNA-directed RNA polymerase subunit beta RpoB [WILDTYPE]	core	AMR	POINT	RIFAMYCIN	RIFAMPIN	POINTX	1183	1183	100.00	99.92	1183	WP_000918664.1	DNA-directed RNA polymerase subunit beta RpoB	NA	NA
NA	NC_007795.1	522160	525708	+	rpoB_M1L	DNA-directed RNA polymerase subunit beta RpoB [UNKNOWN]	core	AMR	POINT	NA	NA	POINTX	1183	1183	100.00	99.92	1183	WP_000918664.1	DNA-directed RNA polymerase subunit beta RpoB	NA	NA
NA	NC_007795.1	522160	525708	+	rpoB_M470M	DNA-directed RNA polymerase subunit beta RpoB [WILDTYPE]	core	AMR	POINT	RIFAMYCIN	RIFAMPIN	POINTX	1183	1183	100.00	99.92	1183	WP_000918664.1	DNA-directed RNA polymerase subunit beta RpoB	NA	NA
NA	NC_007795.1	522160	525708	+	rpoB_N474N	DNA-directed RNA polymerase subunit beta RpoB [WILDTYPE]	core	AMR	POINT	RIFAMYCIN	RIFAMPIN	POINTX	1183	1183	100.00	99.92	1183	WP_000918664.1	DNA-directed RNA polymerase subunit beta RpoB	NA	NA
NA	NC_007795.1	522160	525708	+	rpoB_Q465Q	DNA-directed RNA polymerase subunit beta RpoB [WILDTYPE]	core	AMR	POINT	RIFAMYCIN	RIFAMPIN	POINTX	1183	1183	100.00	99.92	1183	WP_000918664.1	DNA-directed RNA polymerase subunit beta RpoB	NA	NA
NA	NC_007795.1	522160	525708	+	rpoB_Q468Q	DNA-directed RNA polymerase subunit beta RpoB [WILDTYPE]	core	AMR	POINT	RIFAMYCIN	RIFAMPIN	POINTX	1183	1183	100.00	99.92	1183	WP_000918664.1	DNA-directed RNA polymerase subunit beta RpoB	NA	NA
NA	NC_007795.1	522160	525708	+	rpoB_R484R	DNA-directed RNA polymerase subunit beta RpoB [WILDTYPE]	core	AMR	POINT	RIFAMYCIN	RIFAMPIN	POINTX	1183	1183	100.00	99.92	1183	WP_000918664.1	DNA-directed RNA polymerase subunit beta RpoB	NA	NA
NA	NC_007795.1	522160	525708	+	rpoB_S463S	DNA-directed RNA polymerase subunit beta RpoB [WILDTYPE]	core	AMR	POINT	RIFAMYCIN	RIFAMPIN	POINTX	1183	1183	100.00	99.92	1183	WP_000918664.1	DNA-directed RNA polymerase subunit beta RpoB	NA	NA
NA	NC_007795.1	522160	525708	+	rpoB_S464S	DNA-directed RNA polymerase subunit beta RpoB [WILDTYPE]	core	AMR	POINT	RIFAMYCIN	RIFAMPIN	POINTX	1183	1183	100.00	99.92	1183	WP_000918664.1	DNA-directed RNA polymerase subunit beta RpoB	NA	NA
NA	NC_007795.1	522160	525708	+	rpoB_S486S	DNA-directed RNA polymerase subunit beta RpoB [WILDTYPE]	core	AMR	POINT	RIFAMYCIN	RIFAMPIN	POINTX	1183	1183	100.00	99.92	1183	WP_000918664.1	DNA-directed RNA polymerase subunit beta RpoB	NA	NA
NA	NC_007795.1	522160	525708	+	rpoB_S529S	DNA-directed RNA polymerase subunit beta RpoB [WILDTYPE]	core	AMR	POINT	RIFAMYCIN	RIFAMPIN	POINTX	1183	1183	100.00	99.92	1183	WP_000918664.1	DNA-directed RNA polymerase subunit beta RpoB	NA	NA
NA	NC_007795.1	525848	529468	+	rpoC_F632F	DNA-directed RNA polymerase subunit beta RpoC [WILDTYPE]	core	AMR	POINT	LIPOPEPTIDE	DAPTOMYCIN	POINTX	1207	1207	100.00	99.92	1207	WP_000567963.1	DNA-directed RNA polymerase subunit beta RpoC	NA	NA
NA	NC_007795.1	525848	529468	+	rpoC_M1L	DNA-directed RNA polymerase subunit beta RpoC [UNKNOWN]	core	AMR	POINT	NA	NA	POINTX	1207	1207	100.00	99.92	1207	WP_000567963.1	DNA-directed RNA polymerase subunit beta RpoC	NA	NA
NA	NC_007795.1	525848	529468	+	rpoC_Q961Q	DNA-directed RNA polymerase subunit beta RpoC [WILDTYPE]	core	AMR	POINT	LIPOPEPTIDE	DAPTOMYCIN	POINTX	1207	1207	100.00	99.92	1207	WP_000567963.1	DNA-directed RNA polymerase subunit beta RpoC	NA	NA
NA	NC_007795.1	525848	529468	+	rpoC_V864I	DNA-directed RNA polymerase subunit beta RpoC [UNKNOWN]	core	AMR	POINT	NA	NA	POINTX	1207	1207	100.00	99.92	1207	WP_000567963.1	DNA-directed RNA polymerase subunit beta RpoC	NA	NA
NA	NC_007795.1	531032	533110	+	fusA_A160A	elongation factor G FusA [WILDTYPE]	core	AMR	POINT	FUSIDIC_ACID	FUSIDIC_ACID	POINTX	693	693	100.00	100.00	693	WP_000090315.1	elongation factor G FusA	NA	NA
NA	NC_007795.1	531032	533110	+	fusA_A376A	elongation factor G FusA [WILDTYPE]	core	AMR	POINT	FUSIDIC_ACID	FUSIDIC_ACID	POINTX	693	693	100.00	100.00	693	WP_000090315.1	elongation factor G FusA	NA	NA
NA	NC_007795.1	531032	533110	+	fusA_A655A	elongation factor G FusA [WILDTYPE]	core	AMR	POINT	FUSIDIC_ACID	FUSIDIC_ACID	POINTX	693	693	100.00	100.00	693	WP_000090315.1	elongation factor G FusA	NA	NA
NA	NC_007795.1	531032	533110	+	fusA_C473C	elongation factor G FusA [WILDTYPE]	core	AMR	POINT	FUSIDIC_ACID	FUSIDIC_ACID	POINTX	693	693	100.00	100.00	693	WP_000090315.1	elongation factor G FusA	NA	NA
NA	NC_007795.1	531032	533110	+	fusA_D189D	elongation factor G FusA [WILDTYPE]	core	AMR	POINT	FUSIDIC_ACID	FUSIDIC_ACID	POINTX	693	693	100.00	100.00	693	WP_000090315.1	elongation factor G FusA	NA	NA
NA	NC_007795.1	531032	533110	+	fusA_D373D	elongation factor G FusA [WILDTYPE]	core	AMR	POINT	FUSIDIC_ACID	FUSIDIC_ACID	POINTX	693	693	100.00	100.00	693	WP_000090315.1	elongation factor G FusA	NA	NA
NA	NC_007795.1	531032	533110	+	fusA_D387D	elongation factor G FusA [WILDTYPE]	core	AMR	POINT	FUSIDIC_ACID	FUSIDIC_ACID	POINTX	693	693	100.00	100.00	693	WP_000090315.1	elongation factor G FusA	NA	NA
NA	NC_007795.1	531032	533110	+	fusA_D434D	elongation factor G FusA [WILDTYPE]	core	AMR	POINT	FUSIDIC_ACID	FUSIDIC_ACID	POINTX	693	693	100.00	100.00	693	WP_000090315.1	elongation factor G FusA	NA	NA
NA	NC_007795.1	531032	533110	+	fusA_D463D	elongation factor G FusA [WILDTYPE]	core	AMR	POINT	FUSIDIC_ACID	FUSIDIC_ACID	POINTX	693	693	100.00	100.00	693	WP_000090315.1	elongation factor G FusA	NA	NA
NA	NC_007795.1	531032	533110	+	fusA_E233E	elongation factor G FusA [WILDTYPE]	core	AMR	POINT	FUSIDIC_ACID	FUSIDIC_ACID	POINTX	693	693	100.00	100.00	693	WP_000090315.1	elongation factor G FusA	NA	NA
NA	NC_007795.1	531032	533110	+	fusA_E444E	elongation factor G FusA [WILDTYPE]	core	AMR	POINT	FUSIDIC_ACID	FUSIDIC_ACID	POINTX	693	693	100.00	100.00	693	WP_000090315.1	elongation factor G FusA	NA	NA
NA	NC_007795.1	531032	533110	+	fusA_F652F	elongation factor G FusA [WILDTYPE]	core	AMR	POINT	FUSIDIC_ACID	FUSIDIC_ACID	POINTX	693	693	100.00	100.00	693	WP_000090315.1	elongation factor G FusA	NA	NA
NA	NC_007795.1	531032	533110	+	fusA_F88F	elongation factor G FusA [WILDTYPE]	core	AMR	POINT	FUSIDIC_ACID	FUSIDIC_ACID	POINTX	693	693	100.00	100.00	693	WP_000090315.1	elongation factor G FusA	NA	NA
NA	NC_007795.1	531032	533110	+	fusA_G451G	elongation factor G FusA [WILDTYPE]	core	AMR	POINT	FUSIDIC_ACID	FUSIDIC_ACID	POINTX	693	693	100.00	100.00	693	WP_000090315.1	elongation factor G FusA	NA	NA
NA	NC_007795.1	531032	533110	+	fusA_G452G	elongation factor G FusA [WILDTYPE]	core	AMR	POINT	FUSIDIC_ACID	FUSIDIC_ACID	POINTX	693	693	100.00	100.00	693	WP_000090315.1	elongation factor G FusA	NA	NA
NA	NC_007795.1	531032	533110	+	fusA_G556G	elongation factor G FusA [WILDTYPE]	core	AMR	POINT	FUSIDIC_ACID	FUSIDIC_ACID	POINTX	693	693	100.00	100.00	693	WP_000090315.1	elongation factor G FusA	NA	NA
NA	NC_007795.1	531032	533110	+	fusA_G617G	elongation factor G FusA [WILDTYPE]	core	AMR	POINT	FUSIDIC_ACID	FUSIDIC_ACID	POINTX	693	693	100.00	100.00	693	WP_000090315.1	elongation factor G FusA	NA	NA
NA	NC_007795.1	531032	533110	+	fusA_G664G	elongation factor G FusA [WILDTYPE]	core	AMR	POINT	FUSIDIC_ACID	FUSIDIC_ACID	POINTX	693	693	100.00	100.00	693	WP_000090315.1	elongation factor G FusA	NA	NA
NA	NC_007795.1	531032	533110	+	fusA_H438H	elongation factor G FusA [WILDTYPE]	core	AMR	POINT	FUSIDIC_ACID	FUSIDIC_ACID	POINTX	693	693	100.00	100.00	693	WP_000090315.1	elongation factor G FusA	NA	NA
NA	NC_007795.1	531032	533110	+	fusA_H457H	elongation factor G FusA [WILDTYPE]	core	AMR	POINT	FUSIDIC_ACID	FUSIDIC_ACID	POINTX	693	693	100.00	100.00	693	WP_000090315.1	elongation factor G FusA	NA	NA
NA	NC_007795.1	531032	533110	+	fusA_I449I	elongation factor G FusA [WILDTYPE]	core	AMR	POINT	FUSIDIC_ACID	FUSIDIC_ACID	POINTX	693	693	100.00	100.00	693	WP_000090315.1	elongation factor G FusA	NA	NA
NA	NC_007795.1	531032	533110	+	fusA_L430L	elongation factor G FusA [WILDTYPE]	core	AMR	POINT	FUSIDIC_ACID	FUSIDIC_ACID	POINTX	693	693	100.00	100.00	693	WP_000090315.1	elongation factor G FusA	NA	NA
NA	NC_007795.1	531032	533110	+	fusA_L456L	elongation factor G FusA [WILDTYPE]	core	AMR	POINT	FUSIDIC_ACID	FUSIDIC_ACID	POINTX	693	693	100.00	100.00	693	WP_000090315.1	elongation factor G FusA	NA	NA
NA	NC_007795.1	531032	533110	+	fusA_L461L	elongation factor G FusA [WILDTYPE]	core	AMR	POINT	FUSIDIC_ACID	FUSIDIC_ACID	POINTX	693	693	100.00	100.00	693	WP_000090315.1	elongation factor G FusA	NA	NA
NA	NC_007795.1	531032	533110	+	fusA_M453M	elongation factor G FusA [WILDTYPE]	core	AMR	POINT	FUSIDIC_ACID	FUSIDIC_ACID	POINTX	693	693	100.00	100.00	693	WP_000090315.1	elongation factor G FusA	NA	NA
NA	NC_007795.1	531032	533110	+	fusA_M651M	elongation factor G FusA [WILDTYPE]	core	AMR	POINT	FUSIDIC_ACID	FUSIDIC_ACID	POINTX	693	693	100.00	100.00	693	WP_000090315.1	elongation factor G FusA	NA	NA
NA	NC_007795.1	531032	533110	+	fusA_P114P	elongation factor G FusA [WILDTYPE]	core	AMR	POINT	FUSIDIC_ACID	FUSIDIC_ACID	POINTX	693	693	100.00	100.00	693	WP_000090315.1	elongation factor G FusA	NA	NA
NA	NC_007795.1	531032	533110	+	fusA_P404P	elongation factor G FusA [WILDTYPE]	core	AMR	POINT	FUSIDIC_ACID	FUSIDIC_ACID	POINTX	693	693	100.00	100.00	693	WP_000090315.1	elongation factor G FusA	NA	NA
NA	NC_007795.1	531032	533110	+	fusA_P406P	elongation factor G FusA [WILDTYPE]	core	AMR	POINT	FUSIDIC_ACID	FUSIDIC_ACID	POINTX	693	693	100.00	100.00	693	WP_000090315.1	elongation factor G FusA	NA	NA
NA	NC_007795.1	531032	533110	+	fusA_P478P	elongation factor G FusA [WILDTYPE]	core	AMR	POINT	FUSIDIC_ACID	FUSIDIC_ACID	POINTX	693	693	100.00	100.00	693	WP_000090315.1	elongation factor G FusA	NA	NA
NA	NC_007795.1	531032	533110	+	fusA_Q115Q	elongation factor G FusA [WILDTYPE]	core	AMR	POINT	FUSIDIC_ACID	FUSIDIC_ACID	POINTX	693	693	100.00	100.00	693	WP_000090315.1	elongation factor G FusA	NA	NA
NA	NC_007795.1	531032	533110	+	fusA_R464R	elongation factor G FusA [WILDTYPE]	core	AMR	POINT	FUSIDIC_ACID	FUSIDIC_ACID	POINTX	693	693	100.00	100.00	693	WP_000090315.1	elongation factor G FusA	NA	NA
NA	NC_007795.1	531032	533110	+	fusA_R659R	elongation factor G FusA [WILDTYPE]	core	AMR	POINT	FUSIDIC_ACID	FUSIDIC_ACID	POINTX	693	693	100.00	100.00	693	WP_000090315.1	elongation factor G FusA	NA	NA
NA	NC_007795.1	531032	533110	+	fusA_S416S	elongation factor G FusA [WILDTYPE]	core	AMR	POINT	FUSIDIC_ACID	FUSIDIC_ACID	POINTX	693	693	100.00	100.00	693	WP_000090315.1	elongation factor G FusA	NA	NA
NA	NC_007795.1	531032	533110	+	fusA_T385T	elongation factor G FusA [WILDTYPE]	core	AMR	POINT	FUSIDIC_ACID	FUSIDIC_ACID	POINTX	693	693	100.00	100.00	693	WP_000090315.1	elongation factor G FusA	NA	NA
NA	NC_007795.1	531032	533110	+	fusA_T436T	elongation factor G FusA [WILDTYPE]	core	AMR	POINT	FUSIDIC_ACID	FUSIDIC_ACID	POINTX	693	693	100.00	100.00	693	WP_000090315.1	elongation factor G FusA	NA	NA
NA	NC_007795.1	531032	533110	+	fusA_T656T	elongation factor G FusA [WILDTYPE]	core	AMR	POINT	FUSIDIC_ACID	FUSIDIC_ACID	POINTX	693	693	100.00	100.00	693	WP_000090315.1	elongation factor G FusA	NA	NA
NA	NC_007795.1	531032	533110	+	fusA_V407V	elongation factor G FusA [WILDTYPE]	core	AMR	POINT	FUSIDIC_ACID	FUSIDIC_ACID	POINTX	693	693	100.00	100.00	693	WP_000090315.1	elongation factor G FusA	NA	NA
NA	NC_007795.1	531032	533110	+	fusA_V607V	elongation factor G FusA [WILDTYPE]	core	AMR	POINT	FUSIDIC_ACID	FUSIDIC_ACID	POINTX	693	693	100.00	100.00	693	WP_000090315.1	elongation factor G FusA	NA	NA
NA	NC_007795.1	531032	533110	+	fusA_V90V	elongation factor G FusA [WILDTYPE]	core	AMR	POINT	FUSIDIC_ACID	FUSIDIC_ACID	POINTX	693	693	100.00	100.00	693	WP_000090315.1	elongation factor G FusA	NA	NA
NA	NC_007795.1	531032	533110	+	fusA_Y654Y	elongation factor G FusA [WILDTYPE]	core	AMR	POINT	FUSIDIC_ACID	FUSIDIC_ACID	POINTX	693	693	100.00	100.00	693	WP_000090315.1	elongation factor G FusA	NA	NA
NA	NC_007795.1	634533	635825	-	pbp4_E183E	D-alanyl-D-alanine carboxypeptidase PBP4 [WILDTYPE]	core	AMR	POINT	BETA-LACTAM	CEPHALOSPORIN	POINTX	431	431	100.00	99.77	431	WP_123090655.1	D-alanyl-D-alanine carboxypeptidase PBP4	NA	NA
NA	NC_007795.1	634533	635825	-	pbp4_E218E	D-alanyl-D-alanine carboxypeptidase PBP4 [WILDTYPE]	core	AMR	POINT	BETA-LACTAM	CEPHALOSPORIN	POINTX	431	431	100.00	99.77	431	WP_123090655.1	D-alanyl-D-alanine carboxypeptidase PBP4	NA	NA
NA	NC_007795.1	634533	635825	-	pbp4_F241F	D-alanyl-D-alanine carboxypeptidase PBP4 [WILDTYPE]	core	AMR	POINT	BETA-LACTAM	CEPHALOSPORIN	POINTX	431	431	100.00	99.77	431	WP_123090655.1	D-alanyl-D-alanine carboxypeptidase PBP4	NA	NA
NA	NC_007795.1	634533	635825	-	pbp4_K3N	D-alanyl-D-alanine carboxypeptidase PBP4 [UNKNOWN]	core	AMR	POINT	NA	NA	POINTX	431	431	100.00	99.77	431	WP_123090655.1	D-alanyl-D-alanine carboxypeptidase PBP4	NA	NA
NA	NC_007795.1	634533	635825	-	pbp4_R200R	D-alanyl-D-alanine carboxypeptidase PBP4 [WILDTYPE]	core	AMR	POINT	BETA-LACTAM	CEPHALOSPORIN	POINTX	431	431	100.00	99.77	431	WP_123090655.1	D-alanyl-D-alanine carboxypeptidase PBP4	NA	NA
NA	NC_007795.1	635826	636126	-	pbp4_T-266T	Staphylococcus aureus D-alanyl-D-alanine carboxypeptidase PBP4 [WILDTYPE]	core	AMR	POINT	BETA-LACTAM	CEPHALOSPORIN	POINTN	301	301	100.00	100.00	301	NZ_RIXR01000001.1:740020-740320	D-alanyl-D-alanine carboxypeptidase PBP4	NA	NA
NA	NC_007795.1	1107130	1109880	+	ileS_F563F	isoleucine--tRNA ligase IleS [WILDTYPE]	core	AMR	POINT	MUPIROCIN	MUPIROCIN	POINTX	917	917	100.00	99.89	917	WP_000384706.1	isoleucine--tRNA ligase IleS	NA	NA
NA	NC_007795.1	1107130	1109880	+	ileS_G593G	isoleucine--tRNA ligase IleS [WILDTYPE]	core	AMR	POINT	MUPIROCIN	MUPIROCIN	POINTX	917	917	100.00	99.89	917	WP_000384706.1	isoleucine--tRNA ligase IleS	NA	NA
NA	NC_007795.1	1107130	1109880	+	ileS_H67H	isoleucine--tRNA ligase IleS [WILDTYPE]	core	AMR	POINT	MUPIROCIN	MUPIROCIN	POINTX	917	917	100.00	99.89	917	WP_000384706.1	isoleucine--tRNA ligase IleS	NA	NA
NA	NC_007795.1	1107130	1109880	+	ileS_N213D	isoleucine--tRNA ligase IleS [UNKNOWN]	core	AMR	POINT	NA	NA	POINTX	917	917	100.00	99.89	917	WP_000384706.1	isoleucine--tRNA ligase IleS	NA	NA
NA	NC_007795.1	1107130	1109880	+	ileS_R816R	isoleucine--tRNA ligase IleS [WILDTYPE]	core	AMR	POINT	MUPIROCIN	MUPIROCIN	POINTX	917	917	100.00	99.89	917	WP_000384706.1	isoleucine--tRNA ligase IleS	NA	NA
NA	NC_007795.1	1107130	1109880	+	ileS_V588V	isoleucine--tRNA ligase IleS [WILDTYPE]	core	AMR	POINT	MUPIROCIN	MUPIROCIN	POINTX	917	917	100.00	99.89	917	WP_000384706.1	isoleucine--tRNA ligase IleS	NA	NA
NA	NC_007795.1	1107130	1109880	+	ileS_V631V	isoleucine--tRNA ligase IleS [WILDTYPE]	core	AMR	POINT	MUPIROCIN	MUPIROCIN	POINTX	917	917	100.00	99.89	917	WP_000384706.1	isoleucine--tRNA ligase IleS	NA	NA
NA	NC_007795.1	1214102	1214677	+	pgsA_A64A	CDP-diacylglycerol--glycerol-3-phosphate 3-phosphatidyltransferase PgsA [WILDTYPE]	core	AMR	POINT	LIPOPEPTIDE	DAPTOMYCIN	POINTX	192	192	100.00	100.00	192	WP_001025093.1	CDP-diacylglycerol--glycerol-3-phosphate 3-phosphatidyltransferase PgsA	NA	NA
NA	NC_007795.1	1214102	1214677	+	pgsA_K66K	CDP-diacylglycerol--glycerol-3-phosphate 3-phosphatidyltransferase PgsA [WILDTYPE]	core	AMR	POINT	LIPOPEPTIDE	DAPTOMYCIN	POINTX	192	192	100.00	100.00	192	WP_001025093.1	CDP-diacylglycerol--glycerol-3-phosphate 3-phosphatidyltransferase PgsA	NA	NA
NA	NC_007795.1	1214102	1214677	+	pgsA_S177S	CDP-diacylglycerol--glycerol-3-phosphate 3-phosphatidyltransferase PgsA [WILDTYPE]	core	AMR	POINT	LIPOPEPTIDE	DAPTOMYCIN	POINTX	192	192	100.00	100.00	192	WP_001025093.1	CDP-diacylglycerol--glycerol-3-phosphate 3-phosphatidyltransferase PgsA	NA	NA
NA	NC_007795.1	1214102	1214677	+	pgsA_V59V	CDP-diacylglycerol--glycerol-3-phosphate 3-phosphatidyltransferase PgsA [WILDTYPE]	core	AMR	POINT	LIPOPEPTIDE	DAPTOMYCIN	POINTX	192	192	100.00	100.00	192	WP_001025093.1	CDP-diacylglycerol--glycerol-3-phosphate 3-phosphatidyltransferase PgsA	NA	NA
NA	NC_007795.1	1292206	1294194	+	parE_D432D	DNA topoisomerase IV subunit B ParE [WILDTYPE]	core	AMR	POINT	QUINOLONE	QUINOLONE	POINTX	663	663	100.00	99.85	663	WP_001837315.1	DNA topoisomerase IV subunit B ParE	NA	NA
NA	NC_007795.1	1292206	1294194	+	parE_D443D	DNA topoisomerase IV subunit B ParE [WILDTYPE]	core	AMR	POINT	QUINOLONE	QUINOLONE	POINTX	663	663	100.00	99.85	663	WP_001837315.1	DNA topoisomerase IV subunit B ParE	NA	NA
NA	NC_007795.1	1292206	1294194	+	parE_D530G	DNA topoisomerase IV subunit B ParE [UNKNOWN]	core	AMR	POINT	NA	NA	POINTX	663	663	100.00	99.85	663	WP_001837315.1	DNA topoisomerase IV subunit B ParE	NA	NA
NA	NC_007795.1	1292206	1294194	+	parE_G78G	DNA topoisomerase IV subunit B ParE [WILDTYPE]	core	AMR	POINT	AMINOCOUMARIN	AMINOCOUMARIN	POINTX	663	663	100.00	99.85	663	WP_001837315.1	DNA topoisomerase IV subunit B ParE	NA	NA
NA	NC_007795.1	1292206	1294194	+	parE_N470N	DNA topoisomerase IV subunit B ParE [WILDTYPE]	core	AMR	POINT	QUINOLONE	QUINOLONE	POINTX	663	663	100.00	99.85	663	WP_001837315.1	DNA topoisomerase IV subunit B ParE	NA	NA
NA	NC_007795.1	1292206	1294194	+	parE_P451P	DNA topoisomerase IV subunit B ParE [WILDTYPE]	core	AMR	POINT	QUINOLONE	QUINOLONE	POINTX	663	663	100.00	99.85	663	WP_001837315.1	DNA topoisomerase IV subunit B ParE	NA	NA
NA	NC_007795.1	1292206	1294194	+	parE_P585P	DNA topoisomerase IV subunit B ParE [WILDTYPE]	core	AMR	POINT	QUINOLONE	QUINOLONE	POINTX	663	663	100.00	99.85	663	WP_001837315.1	DNA topoisomerase IV subunit B ParE	NA	NA
NA	NC_007795.1	1292206	1294194	+	parE_R136R	DNA topoisomerase IV subunit B ParE [WILDTYPE]	core	AMR	POINT	AMINOCOUMARIN	AMINOCOUMARIN	POINTX	663	663	100.00	99.85	663	WP_001837315.1	DNA topoisomerase IV subunit B ParE	NA	NA
NA	NC_007795.1	1292206	1294194	+	parE_R444R	DNA topoisomerase IV subunit B ParE [WILDTYPE]	core	AMR	POINT	QUINOLONE	QUINOLONE	POINTX	663	663	100.00	99.85	663	WP_001837315.1	DNA topoisomerase IV subunit B ParE	NA	NA
NA	NC_007795.1	1294197	1296596	+	parC_A116A	DNA topoisomerase IV subunit A ParC [WILDTYPE]	core	AMR	POINT	QUINOLONE	QUINOLONE	POINTX	800	800	100.00	99.62	800	WP_001289586.1	DNA topoisomerase IV subunit A ParC	NA	NA
NA	NC_007795.1	1294197	1296596	+	parC_E84E	DNA topoisomerase IV subunit A ParC [WILDTYPE]	core	AMR	POINT	QUINOLONE	QUINOLONE	POINTX	800	800	100.00	99.62	800	WP_001289586.1	DNA topoisomerase IV subunit A ParC	NA	NA
NA	NC_007795.1	1294197	1296596	+	parC_I656V	DNA topoisomerase IV subunit A ParC [UNKNOWN]	core	AMR	POINT	NA	NA	POINTX	800	800	100.00	99.62	800	WP_001289586.1	DNA topoisomerase IV subunit A ParC	NA	NA
NA	NC_007795.1	1294197	1296596	+	parC_M1V	DNA topoisomerase IV subunit A ParC [UNKNOWN]	core	AMR	POINT	NA	NA	POINTX	800	800	100.00	99.62	800	WP_001289586.1	DNA topoisomerase IV subunit A ParC	NA	NA
NA	NC_007795.1	1294197	1296596	+	parC_S144P	DNA topoisomerase IV subunit A ParC [UNKNOWN]	core	AMR	POINT	NA	NA	POINTX	800	800	100.00	99.62	800	WP_001289586.1	DNA topoisomerase IV subunit A ParC	NA	NA
NA	NC_007795.1	1294197	1296596	+	parC_S80S	DNA topoisomerase IV subunit A ParC [WILDTYPE]	core	AMR	POINT	QUINOLONE	QUINOLONE	POINTX	800	800	100.00	99.62	800	WP_001289586.1	DNA topoisomerase IV subunit A ParC	NA	NA
NA	NC_007795.1	1294197	1296596	+	parC_Y521F	DNA topoisomerase IV subunit A ParC [UNKNOWN]	core	AMR	POINT	NA	NA	POINTX	800	800	100.00	99.62	800	WP_001289586.1	DNA topoisomerase IV subunit A ParC	NA	NA
NA	NC_007795.1	1294197	1296596	+	parC_Y83Y	DNA topoisomerase IV subunit A ParC [WILDTYPE]	core	AMR	POINT	QUINOLONE	QUINOLONE	POINTX	800	800	100.00	99.62	800	WP_001289586.1	DNA topoisomerase IV subunit A ParC	NA	NA
NA	NC_007795.1	1301484	1304003	+	mprF_G61G	bifunctional lysylphosphatidylglycerol flippase/synthetase MprF [WILDTYPE]	core	AMR	POINT	LIPOPEPTIDE	DAPTOMYCIN	POINTX	840	840	100.00	99.88	840	WP_111724484.1	bifunctional lysylphosphatidylglycerol flippase/synthetase MprF	NA	NA
NA	NC_007795.1	1301484	1304003	+	mprF_I420I	bifunctional lysylphosphatidylglycerol flippase/synthetase MprF [WILDTYPE]	core	AMR	POINT	LIPOPEPTIDE	DAPTOMYCIN	POINTX	840	840	100.00	99.88	840	WP_111724484.1	bifunctional lysylphosphatidylglycerol flippase/synthetase MprF	NA	NA
NA	NC_007795.1	1301484	1304003	+	mprF_K352N	bifunctional lysylphosphatidylglycerol flippase/synthetase MprF [UNKNOWN]	core	AMR	POINT	NA	NA	POINTX	840	840	100.00	99.88	840	WP_111724484.1	bifunctional lysylphosphatidylglycerol flippase/synthetase MprF	NA	NA
NA	NC_007795.1	1301484	1304003	+	mprF_L341L	bifunctional lysylphosphatidylglycerol flippase/synthetase MprF [WILDTYPE]	core	AMR	POINT	LIPOPEPTIDE	DAPTOMYCIN	POINTX	840	840	100.00	99.88	840	WP_111724484.1	bifunctional lysylphosphatidylglycerol flippase/synthetase MprF	NA	NA
NA	NC_007795.1	1301484	1304003	+	mprF_L826L	bifunctional lysylphosphatidylglycerol flippase/synthetase MprF [WILDTYPE]	core	AMR	POINT	LIPOPEPTIDE	DAPTOMYCIN	POINTX	840	840	100.00	99.88	840	WP_111724484.1	bifunctional lysylphosphatidylglycerol flippase/synthetase MprF	NA	NA
NA	NC_007795.1	1301484	1304003	+	mprF_M347M	bifunctional lysylphosphatidylglycerol flippase/synthetase MprF [WILDTYPE]	core	AMR	POINT	LIPOPEPTIDE	DAPTOMYCIN	POINTX	840	840	100.00	99.88	840	WP_111724484.1	bifunctional lysylphosphatidylglycerol flippase/synthetase MprF	NA	NA
NA	NC_007795.1	1301484	1304003	+	mprF_P314P	bifunctional lysylphosphatidylglycerol flippase/synthetase MprF [WILDTYPE]	core	AMR	POINT	LIPOPEPTIDE	DAPTOMYCIN	POINTX	840	840	100.00	99.88	840	WP_111724484.1	bifunctional lysylphosphatidylglycerol flippase/synthetase MprF	NA	NA
NA	NC_007795.1	1301484	1304003	+	mprF_S295S	bifunctional lysylphosphatidylglycerol flippase/synthetase MprF [WILDTYPE]	core	AMR	POINT	LIPOPEPTIDE	DAPTOMYCIN	POINTX	840	840	100.00	99.88	840	WP_111724484.1	bifunctional lysylphosphatidylglycerol flippase/synthetase MprF	NA	NA
NA	NC_007795.1	1301484	1304003	+	mprF_S337S	bifunctional lysylphosphatidylglycerol flippase/synthetase MprF [WILDTYPE]	core	AMR	POINT	LIPOPEPTIDE	DAPTOMYCIN	POINTX	840	840	100.00	99.88	840	WP_111724484.1	bifunctional lysylphosphatidylglycerol flippase/synthetase MprF	NA	NA
NA	NC_007795.1	1301484	1304003	+	mprF_T345T	bifunctional lysylphosphatidylglycerol flippase/synthetase MprF [WILDTYPE]	core	AMR	POINT	LIPOPEPTIDE	DAPTOMYCIN	POINTX	840	840	100.00	99.88	840	WP_111724484.1	bifunctional lysylphosphatidylglycerol flippase/synthetase MprF	NA	NA
NA	NC_007795.1	1301484	1304003	+	mprF_T472T	bifunctional lysylphosphatidylglycerol flippase/synthetase MprF [WILDTYPE]	core	AMR	POINT	LIPOPEPTIDE	DAPTOMYCIN	POINTX	840	840	100.00	99.88	840	WP_111724484.1	bifunctional lysylphosphatidylglycerol flippase/synthetase MprF	NA	NA
NA	NC_007795.1	1301484	1304003	+	mprF_V351V	bifunctional lysylphosphatidylglycerol flippase/synthetase MprF [WILDTYPE]	core	AMR	POINT	LIPOPEPTIDE	DAPTOMYCIN	POINTX	840	840	100.00	99.88	840	WP_111724484.1	bifunctional lysylphosphatidylglycerol flippase/synthetase MprF	NA	NA
NA	NC_007795.1	1370013	1370489	-	dfrB_A135A	dihydrofolate reductase DfrB [WILDTYPE]	core	AMR	POINT	TRIMETHOPRIM	TRIMETHOPRIM	POINTX	159	159	100.00	98.74	159	WP_000175752.1	dihydrofolate reductase DfrB	NA	NA
NA	NC_007795.1	1370013	1370489	-	dfrB_F99F	dihydrofolate reductase DfrB [WILDTYPE]	core	AMR	POINT	TRIMETHOPRIM	TRIMETHOPRIM	POINTX	159	159	100.00	98.74	159	WP_000175752.1	dihydrofolate reductase DfrB	NA	NA
NA	NC_007795.1	1370013	1370489	-	dfrB_H150H	dihydrofolate reductase DfrB [WILDTYPE]	core	AMR	POINT	TRIMETHOPRIM	TRIMETHOPRIM	POINTX	159	159	100.00	98.74	159	WP_000175752.1	dihydrofolate reductase DfrB	NA	NA
NA	NC_007795.1	1370013	1370489	-	dfrB_H31H	dihydrofolate reductase DfrB [WILDTYPE]	core	AMR	POINT	TRIMETHOPRIM	TRIMETHOPRIM	POINTX	159	159	100.00	98.74	159	WP_000175752.1	dihydrofolate reductase DfrB	NA	NA
NA	NC_007795.1	1370013	1370489	-	dfrB_I97T	dihydrofolate reductase DfrB [UNKNOWN]	core	AMR	POINT	NA	NA	POINTX	159	159	100.00	98.74	159	WP_000175752.1	dihydrofolate reductase DfrB	NA	NA
NA	NC_007795.1	1370013	1370489	-	dfrB_L21L	dihydrofolate reductase DfrB [WILDTYPE]	core	AMR	POINT	TRIMETHOPRIM	TRIMETHOPRIM	POINTX	159	159	100.00	98.74	159	WP_000175752.1	dihydrofolate reductase DfrB	NA	NA
NA	NC_007795.1	1370013	1370489	-	dfrB_L25L	dihydrofolate reductase DfrB [WILDTYPE]	core	AMR	POINT	TRIMETHOPRIM	TRIMETHOPRIM	POINTX	159	159	100.00	98.74	159	WP_000175752.1	dihydrofolate reductase DfrB	NA	NA
NA	NC_007795.1	1370013	1370489	-	dfrB_L41L	dihydrofolate reductase DfrB [WILDTYPE]	core	AMR	POINT	TRIMETHOPRIM	TRIMETHOPRIM	POINTX	159	159	100.00	98.74	159	WP_000175752.1	dihydrofolate reductase DfrB	NA	NA
NA	NC_007795.1	1370013	1370489	-	dfrB_N60N	dihydrofolate reductase DfrB [WILDTYPE]	core	AMR	POINT	TRIMETHOPRIM	TRIMETHOPRIM	POINTX	159	159	100.00	98.74	159	WP_000175752.1	dihydrofolate reductase DfrB	NA	NA
NA	NC_007795.1	1370013	1370489	-	dfrB_V72E	dihydrofolate reductase DfrB [UNKNOWN]	core	AMR	POINT	NA	NA	POINTX	159	159	100.00	98.74	159	WP_000175752.1	dihydrofolate reductase DfrB	NA	NA
NA	NC_007795.1	1421552	1423732	+	pbp2_A285P	penicillin-binding protein PBP2 [UNKNOWN]	core	AMR	POINT	NA	NA	POINTX	727	727	100.00	99.59	727	WP_000138348.1	penicillin-binding protein PBP2	NA	NA
NA	NC_007795.1	1421552	1423732	+	pbp2_A576S	penicillin-binding protein PBP2 [UNKNOWN]	core	AMR	POINT	NA	NA	POINTX	727	727	100.00	99.59	727	WP_000138348.1	penicillin-binding protein PBP2	NA	NA
NA	NC_007795.1	1421552	1423732	+	pbp2_E315A	penicillin-binding protein PBP2 [UNKNOWN]	core	AMR	POINT	NA	NA	POINTX	727	727	100.00	99.59	727	WP_000138348.1	penicillin-binding protein PBP2	NA	NA
NA	NC_007795.1	1421552	1423732	+	pbp2_S569S	penicillin-binding protein PBP2 [WILDTYPE]	core	AMR	POINT	BETA-LACTAM	CEPHALOSPORIN	POINTX	727	727	100.00	99.59	727	WP_000138348.1	penicillin-binding protein PBP2	NA	NA
NA	NC_007795.1	1901534	1904458	-	23S_A2531A	Staphylococcus aureus 23S ribosomal RNA [WILDTYPE]	core	AMR	POINT	OXAZOLIDINONE	LINEZOLID	POINTN	2925	2926	100.00	99.86	2926	NZ_CP009828.1:497114-500039	23S ribosomal RNA	NA	NA
NA	NC_007795.1	1901534	1904458	-	23S_C2220C	Staphylococcus aureus 23S ribosomal RNA [WILDTYPE]	core	AMR	POINT	OXAZOLIDINONE	LINEZOLID	POINTN	2925	2926	100.00	99.86	2926	NZ_CP009828.1:497114-500039	23S ribosomal RNA	NA	NA
NA	NC_007795.1	1901534	1904458	-	23S_C2579C	Staphylococcus aureus 23S ribosomal RNA [WILDTYPE]	core	AMR	POINT	OXAZOLIDINONE	LINEZOLID	POINTN	2925	2926	100.00	99.86	2926	NZ_CP009828.1:497114-500039	23S ribosomal RNA	NA	NA
NA	NC_007795.1	1901534	1904458	-	23S_G2475G	Staphylococcus aureus 23S ribosomal RNA [WILDTYPE]	core	AMR	POINT	OXAZOLIDINONE	LINEZOLID	POINTN	2925	2926	100.00	99.86	2926	NZ_CP009828.1:497114-500039	23S ribosomal RNA	NA	NA
NA	NC_007795.1	1901534	1904458	-	23S_G2533G	Staphylococcus aureus 23S ribosomal RNA [WILDTYPE]	core	AMR	POINT	OXAZOLIDINONE	LINEZOLID	POINTN	2925	2926	100.00	99.86	2926	NZ_CP009828.1:497114-500039	23S ribosomal RNA	NA	NA
NA	NC_007795.1	1901534	1904458	-	23S_G2577G	Staphylococcus aureus 23S ribosomal RNA [WILDTYPE]	core	AMR	POINT	OXAZOLIDINONE	LINEZOLID	POINTN	2925	2926	100.00	99.86	2926	NZ_CP009828.1:497114-500039	23S ribosomal RNA	NA	NA
NA	NC_007795.1	1901534	1904458	-	23S_G2604G	Staphylococcus aureus 23S ribosomal RNA [WILDTYPE]	core	AMR	POINT	OXAZOLIDINONE	LINEZOLID	POINTN	2925	2926	100.00	99.86	2926	NZ_CP009828.1:497114-500039	23S ribosomal RNA	NA	NA
NA	NC_007795.1	1901534	1904458	-	23S_G2794G	Staphylococcus aureus 23S ribosomal RNA [WILDTYPE]	core	AMR	POINT	OXAZOLIDINONE	LINEZOLID	POINTN	2925	2926	100.00	99.86	2926	NZ_CP009828.1:497114-500039	23S ribosomal RNA	NA	NA
NA	NC_007795.1	1901534	1904458	-	23S_G429A	Staphylococcus aureus 23S ribosomal RNA [UNKNOWN]	core	AMR	POINT	NA	NA	POINTN	2925	2926	100.00	99.86	2926	NZ_CP009828.1:497114-500039	23S ribosomal RNA	NA	NA
NA	NC_007795.1	1901534	1904458	-	23S_G847A	Staphylococcus aureus 23S ribosomal RNA [UNKNOWN]	core	AMR	POINT	NA	NA	POINTN	2925	2926	100.00	99.86	2926	NZ_CP009828.1:497114-500039	23S ribosomal RNA	NA	NA
NA	NC_007795.1	1901534	1904458	-	23S_T1585A	Staphylococcus aureus 23S ribosomal RNA [UNKNOWN]	core	AMR	POINT	NA	NA	POINTN	2925	2926	100.00	99.86	2926	NZ_CP009828.1:497114-500039	23S ribosomal RNA	NA	NA
NA	NC_007795.1	1901534	1904458	-	23S_T1738DEL	Staphylococcus aureus 23S ribosomal RNA [UNKNOWN]	core	AMR	POINT	NA	NA	POINTN	2925	2926	100.00	99.86	2926	NZ_CP009828.1:497114-500039	23S ribosomal RNA	NA	NA
NA	NC_007795.1	1901534	1904458	-	23S_T2501T	Staphylococcus aureus 23S ribosomal RNA [WILDTYPE]	core	AMR	POINT	OXAZOLIDINONE	LINEZOLID	POINTN	2925	2926	100.00	99.86	2926	NZ_CP009828.1:497114-500039	23S ribosomal RNA	NA	NA
NA	NC_007795.1	1901534	1904458	-	23S_T2528T	Staphylococcus aureus 23S ribosomal RNA [WILDTYPE]	core	AMR	POINT	OXAZOLIDINONE	LINEZOLID	POINTN	2925	2926	100.00	99.86	2926	NZ_CP009828.1:497114-500039	23S ribosomal RNA	NA	NA
NA	NC_007795.1	1901534	1904458	-	23S_T2532T	Staphylococcus aureus 23S ribosomal RNA [WILDTYPE]	core	AMR	POINT	OXAZOLIDINONE	LINEZOLID	POINTN	2925	2926	100.00	99.86	2926	NZ_CP009828.1:497114-500039	23S ribosomal RNA	NA	NA
NA	NC_007795.1	2122929	2125854	-	23S_A2531A	Staphylococcus aureus 23S ribosomal RNA [WILDTYPE]	core	AMR	POINT	OXAZOLIDINONE	LINEZOLID	POINTN	2926	2926	100.00	100.00	2926	NZ_CP009828.1:497114-500039	23S ribosomal RNA	NA	NA
NA	NC_007795.1	2122929	2125854	-	23S_C2220C	Staphylococcus aureus 23S ribosomal RNA [WILDTYPE]	core	AMR	POINT	OXAZOLIDINONE	LINEZOLID	POINTN	2926	2926	100.00	100.00	2926	NZ_CP009828.1:497114-500039	23S ribosomal RNA	NA	NA
NA	NC_007795.1	2122929	2125854	-	23S_C2579C	Staphylococcus aureus 23S ribosomal RNA [WILDTYPE]	core	AMR	POINT	OXAZOLIDINONE	LINEZOLID	POINTN	2926	2926	100.00	100.00	2926	NZ_CP009828.1:497114-500039	23S ribosomal RNA	NA	NA
NA	NC_007795.1	2122929	2125854	-	23S_G2475G	Staphylococcus aureus 23S ribosomal RNA [WILDTYPE]	core	AMR	POINT	OXAZOLIDINONE	LINEZOLID	POINTN	2926	2926	100.00	100.00	2926	NZ_CP009828.1:497114-500039	23S ribosomal RNA	NA	NA
NA	NC_007795.1	2122929	2125854	-	23S_G2533G	Staphylococcus aureus 23S ribosomal RNA [WILDTYPE]	core	AMR	POINT	OXAZOLIDINONE	LINEZOLID	POINTN	2926	2926	100.00	100.00	2926	NZ_CP009828.1:497114-500039	23S ribosomal RNA	NA	NA
NA	NC_007795.1	2122929	2125854	-	23S_G2577G	Staphylococcus aureus 23S ribosomal RNA [WILDTYPE]	core	AMR	POINT	OXAZOLIDINONE	LINEZOLID	POINTN	2926	2926	100.00	100.00	2926	NZ_CP009828.1:497114-500039	23S ribosomal RNA	NA	NA
NA	NC_007795.1	2122929	2125854	-	23S_G2604G	Staphylococcus aureus 23S ribosomal RNA [WILDTYPE]	core	AMR	POINT	OXAZOLIDINONE	LINEZOLID	POINTN	2926	2926	100.00	100.00	2926	NZ_CP009828.1:497114-500039	23S ribosomal RNA	NA	NA
NA	NC_007795.1	2122929	2125854	-	23S_G2794G	Staphylococcus aureus 23S ribosomal RNA [WILDTYPE]	core	AMR	POINT	OXAZOLIDINONE	LINEZOLID	POINTN	2926	2926	100.00	100.00	2926	NZ_CP009828.1:497114-500039	23S ribosomal RNA	NA	NA
NA	NC_007795.1	2122929	2125854	-	23S_T2501T	Staphylococcus aureus 23S ribosomal RNA [WILDTYPE]	core	AMR	POINT	OXAZOLIDINONE	LINEZOLID	POINTN	2926	2926	100.00	100.00	2926	NZ_CP009828.1:497114-500039	23S ribosomal RNA	NA	NA
NA	NC_007795.1	2122929	2125854	-	23S_T2528T	Staphylococcus aureus 23S ribosomal RNA [WILDTYPE]	core	AMR	POINT	OXAZOLIDINONE	LINEZOLID	POINTN	2926	2926	100.00	100.00	2926	NZ_CP009828.1:497114-500039	23S ribosomal RNA	NA	NA
NA	NC_007795.1	2122929	2125854	-	23S_T2532T	Staphylococcus aureus 23S ribosomal RNA [WILDTYPE]	core	AMR	POINT	OXAZOLIDINONE	LINEZOLID	POINTN	2926	2926	100.00	100.00	2926	NZ_CP009828.1:497114-500039	23S ribosomal RNA	NA	NA
NA	NC_007795.1	2155376	2156857	+	cls_A23A	cardiolipin synthase Cls [WILDTYPE]	core	AMR	POINT	LIPOPEPTIDE	DAPTOMYCIN	POINTX	494	494	100.00	100.00	494	WP_000571549.1	cardiolipin synthase Cls	NA	NA
NA	NC_007795.1	2155376	2156857	+	cls_F60F	cardiolipin synthase Cls [WILDTYPE]	core	AMR	POINT	LIPOPEPTIDE	DAPTOMYCIN	POINTX	494	494	100.00	100.00	494	WP_000571549.1	cardiolipin synthase Cls	NA	NA
NA	NC_007795.1	2155376	2156857	+	cls_L52L	cardiolipin synthase Cls [WILDTYPE]	core	AMR	POINT	LIPOPEPTIDE	DAPTOMYCIN	POINTX	494	494	100.00	100.00	494	WP_000571549.1	cardiolipin synthase Cls	NA	NA
NA	NC_007795.1	2155376	2156857	+	cls_T33T	cardiolipin synthase Cls [WILDTYPE]	core	AMR	POINT	LIPOPEPTIDE	DAPTOMYCIN	POINTX	494	494	100.00	100.00	494	WP_000571549.1	cardiolipin synthase Cls	NA	NA
NA	NC_007795.1	2165271	2166533	-	murA_D278D	UDP-N-acetylglucosamine 1-carboxyvinyltransferase MurA [WILDTYPE]	core	AMR	POINT	FOSFOMYCIN	FOSFOMYCIN	POINTX	421	421	100.00	99.76	421	WP_000358006.1	UDP-N-acetylglucosamine 1-carboxyvinyltransferase MurA	NA	NA
NA	NC_007795.1	2165271	2166533	-	murA_E291E	UDP-N-acetylglucosamine 1-carboxyvinyltransferase MurA [WILDTYPE]	core	AMR	POINT	FOSFOMYCIN	FOSFOMYCIN	POINTX	421	421	100.00	99.76	421	WP_000358006.1	UDP-N-acetylglucosamine 1-carboxyvinyltransferase MurA	NA	NA
NA	NC_007795.1	2165271	2166533	-	murA_G257G	UDP-N-acetylglucosamine 1-carboxyvinyltransferase MurA [WILDTYPE]	core	AMR	POINT	FOSFOMYCIN	FOSFOMYCIN	POINTX	421	421	100.00	99.76	421	WP_000358006.1	UDP-N-acetylglucosamine 1-carboxyvinyltransferase MurA	NA	NA
NA	NC_007795.1	2165271	2166533	-	murA_L42L	UDP-N-acetylglucosamine 1-carboxyvinyltransferase MurA [WILDTYPE]	core	AMR	POINT	FOSFOMYCIN	FOSFOMYCIN	POINTX	421	421	100.00	99.76	421	WP_000358006.1	UDP-N-acetylglucosamine 1-carboxyvinyltransferase MurA	NA	NA
NA	NC_007795.1	2165271	2166533	-	murA_Q362Q	UDP-N-acetylglucosamine 1-carboxyvinyltransferase MurA [WILDTYPE]	core	AMR	POINT	FOSFOMYCIN	FOSFOMYCIN	POINTX	421	421	100.00	99.76	421	WP_000358006.1	UDP-N-acetylglucosamine 1-carboxyvinyltransferase MurA	NA	NA
NA	NC_007795.1	2165271	2166533	-	murA_R124T	UDP-N-acetylglucosamine 1-carboxyvinyltransferase MurA [UNKNOWN]	core	AMR	POINT	NA	NA	POINTX	421	421	100.00	99.76	421	WP_000358006.1	UDP-N-acetylglucosamine 1-carboxyvinyltransferase MurA	NA	NA
NA	NC_007795.1	2165271	2166533	-	murA_T396T	UDP-N-acetylglucosamine 1-carboxyvinyltransferase MurA [WILDTYPE]	core	AMR	POINT	FOSFOMYCIN	FOSFOMYCIN	POINTX	421	421	100.00	99.76	421	WP_000358006.1	UDP-N-acetylglucosamine 1-carboxyvinyltransferase MurA	NA	NA
NA	NC_007795.1	2165271	2166533	-	murA_V65V	UDP-N-acetylglucosamine 1-carboxyvinyltransferase MurA [WILDTYPE]	core	AMR	POINT	FOSFOMYCIN	FOSFOMYCIN	POINTX	421	421	100.00	99.76	421	WP_000358006.1	UDP-N-acetylglucosamine 1-carboxyvinyltransferase MurA	NA	NA
NA	NC_007795.1	2239416	2242341	-	23S_A2531A	Staphylococcus aureus 23S ribosomal RNA [WILDTYPE]	core	AMR	POINT	OXAZOLIDINONE	LINEZOLID	POINTN	2926	2926	100.00	100.00	2926	NZ_CP009828.1:497114-500039	23S ribosomal RNA	NA	NA
NA	NC_007795.1	2239416	2242341	-	23S_C2220C	Staphylococcus aureus 23S ribosomal RNA [WILDTYPE]	core	AMR	POINT	OXAZOLIDINONE	LINEZOLID	POINTN	2926	2926	100.00	100.00	2926	NZ_CP009828.1:497114-500039	23S ribosomal RNA	NA	NA
NA	NC_007795.1	2239416	2242341	-	23S_C2579C	Staphylococcus aureus 23S ribosomal RNA [WILDTYPE]	core	AMR	POINT	OXAZOLIDINONE	LINEZOLID	POINTN	2926	2926	100.00	100.00	2926	NZ_CP009828.1:497114-500039	23S ribosomal RNA	NA	NA
NA	NC_007795.1	2239416	2242341	-	23S_G2475G	Staphylococcus aureus 23S ribosomal RNA [WILDTYPE]	core	AMR	POINT	OXAZOLIDINONE	LINEZOLID	POINTN	2926	2926	100.00	100.00	2926	NZ_CP009828.1:497114-500039	23S ribosomal RNA	NA	NA
NA	NC_007795.1	2239416	2242341	-	23S_G2533G	Staphylococcus aureus 23S ribosomal RNA [WILDTYPE]	core	AMR	POINT	OXAZOLIDINONE	LINEZOLID	POINTN	2926	2926	100.00	100.00	2926	NZ_CP009828.1:497114-500039	23S ribosomal RNA	NA	NA
NA	NC_007795.1	2239416	2242341	-	23S_G2577G	Staphylococcus aureus 23S ribosomal RNA [WILDTYPE]	core	AMR	POINT	OXAZOLIDINONE	LINEZOLID	POINTN	2926	2926	100.00	100.00	2926	NZ_CP009828.1:497114-500039	23S ribosomal RNA	NA	NA
NA	NC_007795.1	2239416	2242341	-	23S_G2604G	Staphylococcus aureus 23S ribosomal RNA [WILDTYPE]	core	AMR	POINT	OXAZOLIDINONE	LINEZOLID	POINTN	2926	2926	100.00	100.00	2926	NZ_CP009828.1:497114-500039	23S ribosomal RNA	NA	NA
NA	NC_007795.1	2239416	2242341	-	23S_G2794G	Staphylococcus aureus 23S ribosomal RNA [WILDTYPE]	core	AMR	POINT	OXAZOLIDINONE	LINEZOLID	POINTN	2926	2926	100.00	100.00	2926	NZ_CP009828.1:497114-500039	23S ribosomal RNA	NA	NA
NA	NC_007795.1	2239416	2242341	-	23S_T2501T	Staphylococcus aureus 23S ribosomal RNA [WILDTYPE]	core	AMR	POINT	OXAZOLIDINONE	LINEZOLID	POINTN	2926	2926	100.00	100.00	2926	NZ_CP009828.1:497114-500039	23S ribosomal RNA	NA	NA
NA	NC_007795.1	2239416	2242341	-	23S_T2528T	Staphylococcus aureus 23S ribosomal RNA [WILDTYPE]	core	AMR	POINT	OXAZOLIDINONE	LINEZOLID	POINTN	2926	2926	100.00	100.00	2926	NZ_CP009828.1:497114-500039	23S ribosomal RNA	NA	NA
NA	NC_007795.1	2239416	2242341	-	23S_T2532T	Staphylococcus aureus 23S ribosomal RNA [WILDTYPE]	core	AMR	POINT	OXAZOLIDINONE	LINEZOLID	POINTN	2926	2926	100.00	100.00	2926	NZ_CP009828.1:497114-500039	23S ribosomal RNA	NA	NA
NA	NC_007795.1	2310508	2311041	-	fusE_Q140Q	50S ribosomal protein L6 [WILDTYPE]	core	AMR	POINT	FUSIDIC_ACID	FUSIDIC_ACID	POINTX	178	178	100.00	100.00	178	WP_000091975.1	50S ribosomal protein L6	NA	NA
NA	NC_007795.1	2317144	2317803	-	rplC_G139G	50S ribosomal protein L3 RplC [WILDTYPE]	core	AMR	POINT	OXAZOLIDINONE	LINEZOLID	POINTX	220	220	100.00	100.00	220	WP_000160212.1	50S ribosomal protein L3 RplC	NA	NA
NA	NC_007795.1	2317144	2317803	-	rplC_G152G	50S ribosomal protein L3 RplC [WILDTYPE]	core	AMR	POINT	OXAZOLIDINONE	LINEZOLID	POINTX	220	220	100.00	100.00	220	WP_000160212.1	50S ribosomal protein L3 RplC	NA	NA
NA	NC_007795.1	2317144	2317803	-	rplC_G155G	50S ribosomal protein L3 RplC [WILDTYPE]	core	AMR	POINT	OXAZOLIDINONE	LINEZOLID	POINTX	220	220	100.00	100.00	220	WP_000160212.1	50S ribosomal protein L3 RplC	NA	NA
NA	NC_007795.1	2317144	2317803	-	rplC_M169M	50S ribosomal protein L3 RplC [WILDTYPE]	core	AMR	POINT	OXAZOLIDINONE	LINEZOLID	POINTX	220	220	100.00	100.00	220	WP_000160212.1	50S ribosomal protein L3 RplC	NA	NA
NA	NC_007795.1	2317144	2317803	-	rplC_S145S	50S ribosomal protein L3 RplC [WILDTYPE]	core	AMR	POINT	OXAZOLIDINONE	LINEZOLID	POINTX	220	220	100.00	100.00	220	WP_000160212.1	50S ribosomal protein L3 RplC	NA	NA
NA	NC_007795.1	2317834	2318139	-	rpsJ_Y58Y	30S ribosomal protein S10 [WILDTYPE]	core	AMR	POINT	TETRACYCLINE	TIGECYCLINE	POINTX	102	102	100.00	100.00	102	WP_001118667.1	30S ribosomal protein S10	NA	NA
